Fruit,Problem,Description,Symptoms,Solution,Application Method
Banana,Underwatering,Insufficient water supply to banana plants.,"Wilting, dry soil, leaf curling, stunted growth.",- Water regularly.,- Water according to plant needs.
,,,,- Check soil moisture.,- Use mulch.
,,,,- Apply mulch to retain moisture.,
,Overwatering,Excessive watering leading to poor drainage.,"Yellowing leaves, waterlogged soil, root rot.",- Improve drainage.,- Adjust watering practices and improve drainage.
,,,,- Reduce watering frequency.,
,,,,- Ensure soil aeration.,
,Heat Stress,Exposure to high temperatures affecting banana growth.,"Leaf scorch, sunburn, stunted growth.",- Provide shade or use shade cloths.,- Use shade cloths and adjust watering.
,,,,- Ensure consistent watering.,
,,,,- Improve air circulation.,
,Cold Stress,Exposure to low temperatures affecting banana plants.,"Leaf curling, blackened edges, stunted growth.",- Use row covers.,- Protect plants with row covers and manage planting times.
,,,,- Avoid late planting.,
,,,,- Improve soil insulation.,
,Soil pH Imbalance,Soil pH outside optimal range for bananas.,"Yellowing leaves, poor growth, nutrient deficiencies.",- Test soil pH.,- Adjust pH with lime or sulfur.
,,,,- Amend soil with lime or sulfur.,- Apply appropriate fertilizers.
,,,,- Use pH-specific fertilizers.,
,Nutrient Deficiency,Lack of essential nutrients in soil for bananas.,"Yellowing leaves, poor growth, leaf drop.",- Conduct soil test.,- Apply fertilizers based on soil test.
,,,,- Apply balanced or specific nutrient fertilizers.,- Use compost.
,,,,- Improve soil fertility with compost.,
,Nutrient Excess,Excess of nutrients causing banana issues.,"Leaf burn, poor growth, nutrient imbalances.",- Flush soil with water.,- Flush soil and modify fertilization practices.
,,,,- Adjust fertilization practices.,
,,,,- Test soil regularly.,
,Poor Air Circulation,Inadequate airflow around banana plants.,"Mold growth, poor plant development, high humidity.",- Space plants adequately.,- Improve spacing and air circulation.
,,,,- Use fans or ventilation.,
,,,,- Avoid overcrowding.,
,Soil Compaction,Dense soil hindering root growth in bananas.,"Stunted growth, poor root development, water pooling.",- Use soil amendments.,- Amend soil with compost and manage soil handling.
,,,,- Avoid heavy machinery on wet soil.,
,,,,- Use deep tilling if needed.,
,Sunburn,Intense sunlight causing damage to banana plants.,"Scorched leaves, bleached spots, reduced yield.",- Provide shade or use shade cloths.,- Use shade cloths and manage watering.
,,,,- Ensure adequate watering.,
,,,,- Adjust planting locations to avoid midday sun.,
,Pest Infestation,Presence of pests affecting banana health.,"Damage to leaves, stunted growth, visible pests.",- Apply appropriate insecticides.,- Use insecticides and practice pest management.
,,,,- Use integrated pest management.,
,,,,- Introduce natural predators.,
,Waterlogging,Excessive water causing soil saturation in banana fields.,"Root rot, wilting, waterlogged soil.",- Improve soil drainage.,- Enhance drainage and adjust watering.
,,,,- Reduce watering.,
,,,,- Use raised beds if necessary.,
,Drought Stress,Lack of sufficient water causing stress in bananas.,"Wilting, leaf drop, stunted growth.",- Increase watering frequency.,- Water more frequently and use mulch.
,,,,- Apply mulch.,
,,,,- Use drought-resistant varieties.,
Mango,Underwatering,Insufficient water supply to mango trees.,"Wilting, dry soil, leaf curling, reduced fruit size.",- Water regularly.,- Water according to plant needs.
,,,,- Check soil moisture.,- Use mulch.
,,,,- Apply mulch to retain moisture.,
,Overwatering,Excessive watering leading to poor drainage.,"Yellowing leaves, waterlogged soil, root rot.",- Improve drainage.,- Adjust watering practices and improve drainage.
,,,,- Reduce watering frequency.,
,,,,- Ensure soil aeration.,
,Heat Stress,Exposure to high temperatures affecting mango trees.,"Leaf scorch, sunburn, reduced fruit yield.",- Provide shade or use shade cloths.,- Use shade cloths and adjust watering.
,,,,- Ensure consistent watering.,
,,,,- Improve air circulation.,
,Cold Stress,Exposure to low temperatures affecting mango trees.,"Leaf curling, blackened edges, poor fruit development.",- Use row covers.,- Protect plants with row covers and manage planting times.
,,,,- Avoid late planting.,
,,,,- Improve soil insulation.,
,Soil pH Imbalance,Soil pH outside optimal range for mangoes.,"Yellowing leaves, poor growth, nutrient deficiencies.",- Test soil pH.,- Adjust pH with lime or sulfur.
,,,,- Amend soil with lime or sulfur.,- Apply appropriate fertilizers.
,,,,- Use pH-specific fertilizers.,
,Nutrient Deficiency,Lack of essential nutrients in soil for mangoes.,"Yellowing leaves, poor growth, leaf drop.",- Conduct soil test.,- Apply fertilizers based on soil test.
,,,,- Apply balanced or specific nutrient fertilizers.,- Use compost.
,,,,- Improve soil fertility with compost.,
,Nutrient Excess,Excess of nutrients causing mango issues.,"Leaf burn, poor growth, nutrient imbalances.",- Flush soil with water.,- Flush soil and modify fertilization practices.
,,,,- Adjust fertilization practices.,
,,,,- Test soil regularly.,
,Poor Air Circulation,Inadequate airflow around mango trees.,"Mold growth, poor fruit development, high humidity.",- Space trees adequately.,- Improve spacing and air circulation.
,,,,- Use fans or ventilation.,
,,,,- Avoid overcrowding.,
,Soil Compaction,Dense soil hindering root growth in mangoes.,"Stunted growth, poor root development, water pooling.",- Use soil amendments.,- Amend soil with compost and manage soil handling.
,,,,- Avoid heavy machinery on wet soil.,
,,,,- Use deep tilling if needed.,
,Sunburn,Intense sunlight causing damage to mango trees.,"Scorched leaves, bleached spots, reduced fruit quality.",- Provide shade or use shade cloths.,- Use shade cloths and manage watering.
,,,,- Ensure adequate watering.,
,,,,- Adjust planting locations to avoid midday sun.,
,Pest Infestation,Presence of pests affecting mango health.,"Damage to leaves, stunted growth, visible pests.",- Apply appropriate insecticides.,- Use insecticides and practice pest management.
,,,,- Use integrated pest management.,
,,,,- Introduce natural predators.,
,Waterlogging,Excessive water causing soil saturation in mango fields.,"Root rot, wilting, waterlogged soil.",- Improve soil drainage.,- Enhance drainage and adjust watering.
,,,,- Reduce watering.,
,,,,- Use raised beds if necessary.,
,Drought Stress,Lack of sufficient water causing stress in mangoes.,"Wilting, leaf drop, reduced fruit yield.",- Increase watering frequency.,- Water more frequently and use mulch.
,,,,- Apply mulch.,
,,,,- Use drought-resistant varieties.,
Papaya,Underwatering,Insufficient water supply to papaya plants.,"Wilting, dry soil, leaf curling, stunted growth.",- Water regularly.,- Water according to plant needs.
,,,,- Check soil moisture.,- Use mulch.
,,,,- Apply mulch to retain moisture.,
,Overwatering,Excessive watering leading to poor drainage.,"Yellowing leaves, waterlogged soil, root rot.",- Improve drainage.,- Adjust watering practices and improve drainage.
,,,,- Reduce watering frequency.,
,,,,- Ensure soil aeration.,
,Heat Stress,Exposure to high temperatures affecting papaya plants.,"Leaf scorch, sunburn, stunted growth.",- Provide shade or use shade cloths.,- Use shade cloths and adjust watering.
,,,,- Ensure consistent watering.,
,,,,- Improve air circulation.,
,Cold Stress,Exposure to low temperatures affecting papaya plants.,"Leaf curling, blackened edges, stunted growth.",- Use row covers.,- Protect plants with row covers and manage planting times.
,,,,- Avoid late planting.,
,,,,- Improve soil insulation.,
,Soil pH Imbalance,Soil pH outside optimal range for papayas.,"Yellowing leaves, poor growth, nutrient deficiencies.",- Test soil pH.,- Adjust pH with lime or sulfur.
,,,,- Amend soil with lime or sulfur.,- Apply appropriate fertilizers.
,,,,- Use pH-specific fertilizers.,
,Nutrient Deficiency,Lack of essential nutrients in soil for papayas.,"Yellowing leaves, poor growth, leaf drop.",- Conduct soil test.,- Apply fertilizers based on soil test.
,,,,- Apply balanced or specific nutrient fertilizers.,- Use compost.
,,,,- Improve soil fertility with compost.,
,Nutrient Excess,Excess of nutrients causing papaya issues.,"Leaf burn, poor growth, nutrient imbalances.",- Flush soil with water.,- Flush soil and modify fertilization practices.
,,,,- Adjust fertilization practices.,
,,,,- Test soil regularly.,
,Poor Air Circulation,Inadequate airflow around papaya plants.,"Mold growth, poor plant development, high humidity.",- Space plants adequately.,- Improve spacing and air circulation.
,,,,- Use fans or ventilation.,
,,,,- Avoid overcrowding.,
,Soil Compaction,Dense soil hindering root growth in papayas.,"Stunted growth, poor root development, water pooling.",- Use soil amendments.,- Amend soil with compost and manage soil handling.
,,,,- Avoid heavy machinery on wet soil.,
,,,,- Use deep tilling if needed.,
,Sunburn,Intense sunlight causing damage to papaya plants.,"Scorched leaves, bleached spots, reduced fruit quality.",- Provide shade or use shade cloths.,- Use shade cloths and manage watering.
,,,,- Ensure adequate watering.,
,,,,- Adjust planting locations to avoid midday sun.,
,Pest Infestation,Presence of pests affecting papaya health.,"Damage to leaves, stunted growth, visible pests.",- Apply appropriate insecticides.,- Use insecticides and practice pest management.
,,,,- Use integrated pest management.,
,,,,- Introduce natural predators.,
,Waterlogging,Excessive water causing soil saturation in papaya fields.,"Root rot, wilting, waterlogged soil.",- Improve soil drainage.,- Enhance drainage and adjust watering.
,,,,- Reduce watering.,
,,,,- Use raised beds if necessary.,
,Drought Stress,Lack of sufficient water causing stress in papayas.,"Wilting, leaf drop, reduced fruit yield.",- Increase watering frequency.,- Water more frequently and use mulch.
,,,,- Apply mulch.,
,,,,- Use drought-resistant varieties.,
Pineapple,Underwatering,Insufficient water supply to pineapple plants.,"Wilting, dry soil, leaf curling, stunted growth.",- Water regularly.,- Water according to plant needs.
,,,,- Check soil moisture.,- Use mulch.
,,,,- Apply mulch to retain moisture.,
,Overwatering,Excessive watering leading to poor drainage.,"Yellowing leaves, waterlogged soil, root rot.",- Improve drainage.,- Adjust watering practices and improve drainage.
,,,,- Reduce watering frequency.,
,,,,- Ensure soil aeration.,
,Heat Stress,Exposure to high temperatures affecting pineapple plants.,"Leaf scorch, sunburn, stunted growth.",- Provide shade or use shade cloths.,- Use shade cloths and adjust watering.
,,,,- Ensure consistent watering.,
,,,,- Improve air circulation.,
,Cold Stress,Exposure to low temperatures affecting pineapple plants.,"Leaf curling, blackened edges, stunted growth.",- Use row covers.,- Protect plants with row covers and manage planting times.
,,,,- Avoid late planting.,
,,,,- Improve soil insulation.,
,Soil pH Imbalance,Soil pH outside optimal range for pineapples.,"Yellowing leaves, poor growth, nutrient deficiencies.",- Test soil pH.,- Adjust pH with lime or sulfur.
,,,,- Amend soil with lime or sulfur.,- Apply appropriate fertilizers.
,,,,- Use pH-specific fertilizers.,
,Nutrient Deficiency,Lack of essential nutrients in soil for pineapples.,"Yellowing leaves, poor growth, leaf drop.",- Conduct soil test.,- Apply fertilizers based on soil test.
,,,,- Apply balanced or specific nutrient fertilizers.,- Use compost.
,,,,- Improve soil fertility with compost.,
,Nutrient Excess,Excess of nutrients causing pineapple issues.,"Leaf burn, poor growth, nutrient imbalances.",- Flush soil with water.,- Flush soil and modify fertilization practices.
,,,,- Adjust fertilization practices.,
,,,,- Test soil regularly.,
,Poor Air Circulation,Inadequate airflow around pineapple plants.,"Mold growth, poor plant development, high humidity.",- Space plants adequately.,- Improve spacing and air circulation.
,,,,- Use fans or ventilation.,
,,,,- Avoid overcrowding.,
,Soil Compaction,Dense soil hindering root growth in pineapples.,"Stunted growth, poor root development, water pooling.",- Use soil amendments.,- Amend soil with compost and manage soil handling.
,,,,- Avoid heavy machinery on wet soil.,
,,,,- Use deep tilling if needed.,
,Sunburn,Intense sunlight causing damage to pineapple plants.,"Scorched leaves, bleached spots, reduced fruit quality.",- Provide shade or use shade cloths.,- Use shade cloths and manage watering.
,,,,- Ensure adequate watering.,
,,,,- Adjust planting locations to avoid midday sun.,
,Pest Infestation,Presence of pests affecting pineapple health.,"Damage to leaves, stunted growth, visible pests.",- Apply appropriate insecticides.,- Use insecticides and practice pest management.
,,,,- Use integrated pest management.,
,,,,- Introduce natural predators.,
,Waterlogging,Excessive water causing soil saturation in pineapple fields.,"Root rot, wilting, waterlogged soil.",- Improve soil drainage.,- Enhance drainage and adjust watering.
,,,,- Reduce watering.,
,,,,- Use raised beds if necessary.,
,Drought Stress,Lack of sufficient water causing stress in pineapples.,"Wilting, leaf drop, reduced fruit yield.",- Increase watering frequency.,- Water more frequently and use mulch.
,,,,- Apply mulch.,
,,,,- Use drought-resistant varieties.,
