Vegetable,Problem,Description,Symptoms,Solution,Application Method
Tomato,Underwatering,Insufficient water supply to tomato plants.,"Wilting, dry soil, leaf curling, reduced fruit size.",- Water regularly.,- Water according to plant needs.
,,,,- Check soil moisture.,- Use mulch.
,,,,- Apply mulch to retain moisture.,
,Overwatering,Excessive watering leading to poor drainage.,"Yellowing leaves, waterlogged soil, root rot.",- Improve drainage.,- Adjust watering practices and improve drainage.
,,,,- Reduce watering frequency.,
,,,,- Ensure soil aeration.,
,Heat Stress,Exposure to high temperatures affecting tomato plants.,"Leaf scorch, sunburn, poor fruit development.",- Provide shade or use shade cloths.,- Use shade cloths and adjust watering.
,,,,- Ensure consistent watering.,
,,,,- Improve air circulation.,
,Cold Stress,Exposure to low temperatures affecting tomato plants.,"Leaf curling, blackened edges, poor fruit development.",- Use row covers.,- Protect plants with row covers and manage planting times.
,,,,- Avoid late planting.,
,,,,- Improve soil insulation.,
,Soil pH Imbalance,Soil pH outside optimal range for tomatoes.,"Yellowing leaves, poor growth, nutrient deficiencies.",- Test soil pH.,- Adjust pH with lime or sulfur.
,,,,- Amend soil with lime or sulfur.,- Apply appropriate fertilizers.
,,,,- Use pH-specific fertilizers.,
,Nutrient Deficiency,Lack of essential nutrients in soil for tomatoes.,"Yellowing leaves, poor growth, leaf drop.",- Conduct soil test.,- Apply fertilizers based on soil test.
,,,,- Apply balanced or specific nutrient fertilizers.,- Use compost.
,,,,- Improve soil fertility with compost.,
,Nutrient Excess,Excess of nutrients causing tomato issues.,"Leaf burn, poor growth, nutrient imbalances.",- Flush soil with water.,- Flush soil and modify fertilization practices.
,,,,- Adjust fertilization practices.,
,,,,- Test soil regularly.,
,Poor Air Circulation,Inadequate airflow around tomato plants.,"Mold growth, poor plant development, high humidity.",- Space plants adequately.,- Improve spacing and air circulation.
,,,,- Use fans or ventilation.,
,,,,- Avoid overcrowding.,
,Soil Compaction,Dense soil hindering root growth in tomatoes.,"Stunted growth, poor root development, water pooling.",- Use soil amendments.,- Amend soil with compost and manage soil handling.
,,,,- Avoid heavy machinery on wet soil.,
,,,,- Use deep tilling if needed.,
,Sunburn,Intense sunlight causing damage to tomato plants.,"Scorched leaves, bleached spots, reduced fruit quality.",- Provide shade or use shade cloths.,- Use shade cloths and manage watering.
,,,,- Ensure adequate watering.,
,,,,- Adjust planting locations to avoid midday sun.,
,Pest Infestation,Presence of pests affecting tomato health.,"Damage to leaves, stunted growth, visible pests.",- Apply appropriate insecticides.,- Use insecticides and practice pest management.
,,,,- Use integrated pest management.,
,,,,- Introduce natural predators.,
,Waterlogging,Excessive water causing soil saturation in tomato fields.,"Root rot, wilting, waterlogged soil.",- Improve soil drainage.,- Enhance drainage and adjust watering.
,,,,- Reduce watering.,
,,,,- Use raised beds if necessary.,
,Drought Stress,Lack of sufficient water causing stress in tomatoes.,"Wilting, leaf drop, reduced fruit yield.",- Increase watering frequency.,- Water more frequently and use mulch.
,,,,- Apply mulch.,
,,,,- Use drought-resistant varieties.,
Cucumber,Underwatering,Insufficient water supply to cucumber plants.,"Wilting, dry soil, leaf curling, reduced fruit size.",- Water regularly.,- Water according to plant needs.
,,,,- Check soil moisture.,- Use mulch.
,,,,- Apply mulch to retain moisture.,
,Overwatering,Excessive watering leading to poor drainage.,"Yellowing leaves, waterlogged soil, root rot.",- Improve drainage.,- Adjust watering practices and improve drainage.
,,,,- Reduce watering frequency.,
,,,,- Ensure soil aeration.,
,Heat Stress,Exposure to high temperatures affecting cucumber plants.,"Leaf scorch, sunburn, poor fruit development.",- Provide shade or use shade cloths.,- Use shade cloths and adjust watering.
,,,,- Ensure consistent watering.,
,,,,- Improve air circulation.,
,Cold Stress,Exposure to low temperatures affecting cucumber plants.,"Leaf curling, blackened edges, poor fruit development.",- Use row covers.,- Protect plants with row covers and manage planting times.
,,,,- Avoid late planting.,
,,,,- Improve soil insulation.,
,Soil pH Imbalance,Soil pH outside optimal range for cucumbers.,"Yellowing leaves, poor growth, nutrient deficiencies.",- Test soil pH.,- Adjust pH with lime or sulfur.
,,,,- Amend soil with lime or sulfur.,- Apply appropriate fertilizers.
,,,,- Use pH-specific fertilizers.,
,Nutrient Deficiency,Lack of essential nutrients in soil for cucumbers.,"Yellowing leaves, poor growth, leaf drop.",- Conduct soil test.,- Apply fertilizers based on soil test.
,,,,- Apply balanced or specific nutrient fertilizers.,- Use compost.
,,,,- Improve soil fertility with compost.,
,Nutrient Excess,Excess of nutrients causing cucumber issues.,"Leaf burn, poor growth, nutrient imbalances.",- Flush soil with water.,- Flush soil and modify fertilization practices.
,,,,- Adjust fertilization practices.,
,,,,- Test soil regularly.,
,Poor Air Circulation,Inadequate airflow around cucumber plants.,"Mold growth, poor plant development, high humidity.",- Space plants adequately.,- Improve spacing and air circulation.
,,,,- Use fans or ventilation.,
,,,,- Avoid overcrowding.,
,Soil Compaction,Dense soil hindering root growth in cucumbers.,"Stunted growth, poor root development, water pooling.",- Use soil amendments.,- Amend soil with compost and manage soil handling.
,,,,- Avoid heavy machinery on wet soil.,
,,,,- Use deep tilling if needed.,
,Sunburn,Intense sunlight causing damage to cucumber plants.,"Scorched leaves, bleached spots, reduced fruit quality.",- Provide shade or use shade cloths.,- Use shade cloths and manage watering.
,,,,- Ensure adequate watering.,
,,,,- Adjust planting locations to avoid midday sun.,
,Pest Infestation,Presence of pests affecting cucumber health.,"Damage to leaves, stunted growth, visible pests.",- Apply appropriate insecticides.,- Use insecticides and practice pest management.
,,,,- Use integrated pest management.,
,,,,- Introduce natural predators.,
,Waterlogging,Excessive water causing soil saturation in cucumber fields.,"Root rot, wilting, waterlogged soil.",- Improve soil drainage.,- Enhance drainage and adjust watering.
,,,,- Reduce watering.,
,,,,- Use raised beds if necessary.,
,Drought Stress,Lack of sufficient water causing stress in cucumbers.,"Wilting, leaf drop, reduced fruit yield.",- Increase watering frequency.,- Water more frequently and use mulch.
,,,,- Apply mulch.,
,,,,- Use drought-resistant varieties.,
Lettuce,Underwatering,Insufficient water supply to lettuce plants.,"Wilting, dry soil, leaf curling, poor growth.",- Water regularly.,- Water according to plant needs.
,,,,- Check soil moisture.,- Use mulch.
,,,,- Apply mulch to retain moisture.,
,Overwatering,Excessive watering leading to poor drainage.,"Yellowing leaves, waterlogged soil, root rot.",- Improve drainage.,- Adjust watering practices and improve drainage.
,,,,- Reduce watering frequency.,
,,,,- Ensure soil aeration.,
,Heat Stress,Exposure to high temperatures affecting lettuce plants.,"Leaf scorch, bolting, poor growth.",- Provide shade or use shade cloths.,- Use shade cloths and adjust watering.
,,,,- Ensure consistent watering.,
,,,,- Improve air circulation.,
,Cold Stress,Exposure to low temperatures affecting lettuce plants.,"Leaf curling, blackened edges, stunted growth.",- Use row covers.,- Protect plants with row covers and manage planting times.
,,,,- Avoid late planting.,
,,,,- Improve soil insulation.,
,Soil pH Imbalance,Soil pH outside optimal range for lettuce.,"Yellowing leaves, poor growth, nutrient deficiencies.",- Test soil pH.,- Adjust pH with lime or sulfur.
,,,,- Amend soil with lime or sulfur.,- Apply appropriate fertilizers.
,,,,- Use pH-specific fertilizers.,
,Nutrient Deficiency,Lack of essential nutrients in soil for lettuce.,"Yellowing leaves, poor growth, leaf drop.",- Conduct soil test.,- Apply fertilizers based on soil test.
,,,,- Apply balanced or specific nutrient fertilizers.,- Use compost.
,,,,- Improve soil fertility with compost.,
,Nutrient Excess,Excess of nutrients causing lettuce issues.,"Leaf burn, poor growth, nutrient imbalances.",- Flush soil with water.,- Flush soil and modify fertilization practices.
,,,,- Adjust fertilization practices.,
,,,,- Test soil regularly.,
,Poor Air Circulation,Inadequate airflow around lettuce plants.,"Mold growth, poor plant development, high humidity.",- Space plants adequately.,- Improve spacing and air circulation.
,,,,- Use fans or ventilation.,
,,,,- Avoid overcrowding.,
,Soil Compaction,Dense soil hindering root growth in lettuce.,"Stunted growth, poor root development, water pooling.",- Use soil amendments.,- Amend soil with compost and manage soil handling.
,,,,- Avoid heavy machinery on wet soil.,
,,,,- Use deep tilling if needed.,
,Sunburn,Intense sunlight causing damage to lettuce plants.,"Scorched leaves, bleached spots, poor growth.",- Provide shade or use shade cloths.,- Use shade cloths and manage watering.
,,,,- Ensure adequate watering.,
,,,,- Adjust planting locations to avoid midday sun.,
,Pest Infestation,Presence of pests affecting lettuce health.,"Damage to leaves, stunted growth, visible pests.",- Apply appropriate insecticides.,- Use insecticides and practice pest management.
,,,,- Use integrated pest management.,
,,,,- Introduce natural predators.,
,Waterlogging,Excessive water causing soil saturation in lettuce fields.,"Root rot, wilting, waterlogged soil.",- Improve soil drainage.,- Enhance drainage and adjust watering.
,,,,- Reduce watering.,
,,,,- Use raised beds if necessary.,
,Drought Stress,Lack of sufficient water causing stress in lettuce.,"Wilting, leaf drop, reduced yield.",- Increase watering frequency.,- Water more frequently and use mulch.
,,,,- Apply mulch.,
,,,,- Use drought-resistant varieties.,
Brinjal,Underwatering,Insufficient water supply to brinjal plants.,"Wilting, dry soil, leaf curling, reduced fruit size.",- Water regularly.,- Water according to plant needs.
,,,,- Check soil moisture.,- Use mulch.
,,,,- Apply mulch to retain moisture.,
,Overwatering,Excessive watering leading to poor drainage.,"Yellowing leaves, waterlogged soil, root rot.",- Improve drainage.,- Adjust watering practices and improve drainage.
,,,,- Reduce watering frequency.,
,,,,- Ensure soil aeration.,
,Heat Stress,Exposure to high temperatures affecting brinjal plants.,"Leaf scorch, sunburn, poor fruit development.",- Provide shade or use shade cloths.,- Use shade cloths and adjust watering.
,,,,- Ensure consistent watering.,
,,,,- Improve air circulation.,
,Cold Stress,Exposure to low temperatures affecting brinjal plants.,"Leaf curling, blackened edges, poor fruit development.",- Use row covers.,- Protect plants with row covers and manage planting times.
,,,,- Avoid late planting.,
,,,,- Improve soil insulation.,
,Soil pH Imbalance,Soil pH outside optimal range for brinjals.,"Yellowing leaves, poor growth, nutrient deficiencies.",- Test soil pH.,- Adjust pH with lime or sulfur.
,,,,- Amend soil with lime or sulfur.,- Apply appropriate fertilizers.
,,,,- Use pH-specific fertilizers.,
,Nutrient Deficiency,Lack of essential nutrients in soil for brinjals.,"Yellowing leaves, poor growth, leaf drop.",- Conduct soil test.,- Apply fertilizers based on soil test.
,,,,- Apply balanced or specific nutrient fertilizers.,- Use compost.
,,,,- Improve soil fertility with compost.,
,Nutrient Excess,Excess of nutrients causing brinjal issues.,"Leaf burn, poor growth, nutrient imbalances.",- Flush soil with water.,- Flush soil and modify fertilization practices.
,,,,- Adjust fertilization practices.,
,,,,- Test soil regularly.,
,Poor Air Circulation,Inadequate airflow around brinjal plants.,"Mold growth, poor plant development, high humidity.",- Space plants adequately.,- Improve spacing and air circulation.
,,,,- Use fans or ventilation.,
,,,,- Avoid overcrowding.,
,Soil Compaction,Dense soil hindering root growth in brinjals.,"Stunted growth, poor root development, water pooling.",- Use soil amendments.,- Amend soil with compost and manage soil handling.
,,,,- Avoid heavy machinery on wet soil.,
,,,,- Use deep tilling if needed.,
,Sunburn,Intense sunlight causing damage to brinjal plants.,"Scorched leaves, bleached spots, poor fruit quality.",- Provide shade or use shade cloths.,- Use shade cloths and manage watering.
,,,,- Ensure adequate watering.,
,,,,- Adjust planting locations to avoid midday sun.,
,Pest Infestation,Presence of pests affecting brinjal health.,"Damage to leaves, stunted growth, visible pests.",- Apply appropriate insecticides.,- Use insecticides and practice pest management.
,,,,- Use integrated pest management.,
,,,,- Introduce natural predators.,
,Waterlogging,Excessive water causing soil saturation in brinjal fields.,"Root rot, wilting, waterlogged soil.",- Improve soil drainage.,- Enhance drainage and adjust watering.
,,,,- Reduce watering.,
,,,,- Use raised beds if necessary.,
,Drought Stress,Lack of sufficient water causing stress in brinjals.,"Wilting, leaf drop, reduced fruit yield.",- Increase watering frequency.,- Water more frequently and use mulch.
,,,,- Apply mulch.,
,,,,- Use drought-resistant varieties.,
Bean,Underwatering,Insufficient water supply to bean plants.,"Wilting, dry soil, leaf curling, poor pod development.",- Water regularly.,- Water according to plant needs.
,,,,- Check soil moisture.,- Use mulch.
,,,,- Apply mulch to retain moisture.,
,Overwatering,Excessive watering leading to poor drainage.,"Yellowing leaves, waterlogged soil, root rot.",- Improve drainage.,- Adjust watering practices and improve drainage.
,,,,- Reduce watering frequency.,
,,,,- Ensure soil aeration.,
,Heat Stress,Exposure to high temperatures affecting bean plants.,"Leaf scorch, sunburn, poor pod development.",- Provide shade or use shade cloths.,- Use shade cloths and adjust watering.
,,,,- Ensure consistent watering.,
,,,,- Improve air circulation.,
,Cold Stress,Exposure to low temperatures affecting bean plants.,"Leaf curling, blackened edges, poor pod development.",- Use row covers.,- Protect plants with row covers and manage planting times.
,,,,- Avoid late planting.,
,,,,- Improve soil insulation.,
,Soil pH Imbalance,Soil pH outside optimal range for beans.,"Yellowing leaves, poor growth, nutrient deficiencies.",- Test soil pH.,- Adjust pH with lime or sulfur.
,,,,- Amend soil with lime or sulfur.,- Apply appropriate fertilizers.
,,,,- Use pH-specific fertilizers.,
,Nutrient Deficiency,Lack of essential nutrients in soil for beans.,"Yellowing leaves, poor growth, leaf drop.",- Conduct soil test.,- Apply fertilizers based on soil test.
,,,,- Apply balanced or specific nutrient fertilizers.,- Use compost.
,,,,- Improve soil fertility with compost.,
,Nutrient Excess,Excess of nutrients causing bean issues.,"Leaf burn, poor growth, nutrient imbalances.",- Flush soil with water.,- Flush soil and modify fertilization practices.
,,,,- Adjust fertilization practices.,
,,,,- Test soil regularly.,
,Poor Air Circulation,Inadequate airflow around bean plants.,"Mold growth, poor plant development, high humidity.",- Space plants adequately.,- Improve spacing and air circulation.
,,,,- Use fans or ventilation.,
,,,,- Avoid overcrowding.,
,Soil Compaction,Dense soil hindering root growth in beans.,"Stunted growth, poor root development, water pooling.",- Use soil amendments.,- Amend soil with compost and manage soil handling.
,,,,- Avoid heavy machinery on wet soil.,
,,,,- Use deep tilling if needed.,
,Sunburn,Intense sunlight causing damage to bean plants.,"Scorched leaves, bleached spots, poor pod quality.",- Provide shade or use shade cloths.,- Use shade cloths and manage watering.
,,,,- Ensure adequate watering.,
,,,,- Adjust planting locations to avoid midday sun.,
,Pest Infestation,Presence of pests affecting bean health.,"Damage to leaves, stunted growth, visible pests.",- Apply appropriate insecticides.,- Use insecticides and practice pest management.
,,,,- Use integrated pest management.,
,,,,- Introduce natural predators.,
,Waterlogging,Excessive water causing soil saturation in bean fields.,"Root rot, wilting, waterlogged soil.",- Improve soil drainage.,- Enhance drainage and adjust watering.
,,,,- Reduce watering.,
,,,,- Use raised beds if necessary.,
,Drought Stress,Lack of sufficient water causing stress in beans.,"Wilting, leaf drop, reduced pod yield.",- Increase watering frequency.,- Water more frequently and use mulch.
,,,,- Apply mulch.,
,,,,- Use drought-resistant varieties.,
